feature,importance,rank
fi_2011,0.606210832110546,1
age_2011,0.26856285445062644,2
sex_code_2011_1.0,0.06611352778429923,3
sex_code_2011_2.0,0.059112785654528224,4
