feature,importance,rank
fi_broad_exploratory_2011,0.4027864,1
age_2011,0.2618306,2
sex_code_2011_2.0,0.20174225,3
sex_code_2011_1.0,0.1336407,4
