feature,importance,rank
fi_2011,0.3509943,1
age_2011,0.28185198,2
sex_code_2011_1.0,0.20130187,3
sex_code_2011_2.0,0.16585195,4
sex_code_2011_0.0,0.0,5
