feature,importance,rank
fi_broad_exploratory_2011,0.6202016723364271,1
age_2011,0.26787570335117883,2
sex_code_2011_2.0,0.05871314857865927,3
sex_code_2011_1.0,0.05320947573373489,4
