feature,importance,rank
fi_2011,0.4149514,1
sex_code_2011_2.0,0.23102736,2
age_2011,0.18809873,3
sex_code_2011_1.0,0.16592248,4
