feature,importance,rank
fi_2011,0.35613516,1
sex_code_2011_2.0,0.22159326,2
sex_code_2011_1.0,0.21463624,3
age_2011,0.20763528,4
