feature,importance,rank
fi_broad_exploratory_2011,58.06573762313963,1
age_2011,23.536518716173155,2
sex_code_2011_1.0,9.665854279557339,3
sex_code_2011_2.0,8.731889381129864,4
