feature,importance,rank
fi_broad_exploratory_2011,0.4269512229628606,1
sex_code_2011_2.0,0.20060010739515277,2
sex_code_2011_1.0,0.2005903791683419,3
age_2011,0.11059363833071532,4
