feature,importance,rank
fi_broad_exploratory_2011,0.2318657905982564,1
sex_code_2011_2.0,0.15924893592463937,2
sex_code_2011_1.0,0.15921355095481599,3
age_2011,0.13677689836699364,4
