feature,importance,rank
fi_broad_exploratory_2011,0.23157298941902996,1
sex_code_2011,0.16109222587970717,2
age_2011,0.13699360486684364,3
