feature,importance,rank
fi_broad_exploratory_2011,51.433981719858984,1
age_2011,34.57658376514154,2
sex_code_2011,13.989434514999482,3
