feature,importance,rank
fi_broad_exploratory_2011,0.5190607259749858,1
age_2011,0.34184513870305433,2
sex_code_2011,0.13909413532195997,3
