feature,importance,rank
fi_2011,0.47983600260661197,1
age_2011,0.39239454363524157,2
sex_code_2011,0.12776945375814647,3
