feature,importance,rank
fi_2011,0.31515987391836164,1
sex_code_2011,0.17784418688233056,2
age_2011,0.16858679958028422,3
