feature,importance,rank
fi_2011,51.12011529799381,1
age_2011,32.2560059023938,2
sex_code_2011,16.623878799612395,3
