feature,importance,rank
fi_2011,0.4869775,1
age_2011,0.28523687,2
sex_code_2011,0.22778568,3
