feature,importance,rank
fi_2011,0.34990847,1
sex_code_2011_2.0,0.2368995,2
sex_code_2011_1.0,0.22975451,3
age_2011,0.18343748,4
sex_code_2011_0.0,0.0,5
