feature,importance,rank
fi_2011,57.77270629034291,1
age_2011,25.075165408626745,2
sex_code_2011_2.0,9.336488840039285,3
sex_code_2011_1.0,7.815639460991073,4
