feature,importance,rank
fi_broad_exploratory_2011,0.5366874556890968,1
age_2011,0.33422187804418796,2
sex_code_2011_1.0,0.06893655188378651,3
sex_code_2011_2.0,0.06015411438292862,4
