feature,importance,rank
fi_2011,0.47396400614483697,1
sex_code_2011_2.0,0.23093833366139266,2
sex_code_2011_1.0,0.23092843678562935,3
age_2011,0.1741205100241937,4
