feature,importance,rank
fi_2011,0.3151609980609467,1
sex_code_2011_1.0,0.2000114720889569,2
age_2011,0.16858363384634062,3
sex_code_2011_2.0,0.15570012171284422,4
