feature,importance,rank
fi_broad_exploratory_2011,50.597881810028824,1
age_2011,34.26697785801709,2
sex_code_2011_2.0,8.71027813620108,3
sex_code_2011_1.0,6.424862195752996,4
