feature,importance,rank
fi_broad_exploratory_2011,0.3461796,1
age_2011,0.24761096,2
sex_code_2011_2.0,0.22511213,3
sex_code_2011_1.0,0.18109736,4
