feature,importance,rank
fi_2011,51.11713078678189,1
age_2011,31.717490607224697,2
sex_code_2011_2.0,10.005232260305261,3
sex_code_2011_1.0,7.160146345688152,4
