feature,importance,rank
fi_2011,0.53358777575924,1
age_2011,0.3214570289214157,2
sex_code_2011_1.0,0.07975809650306219,3
sex_code_2011_2.0,0.0651970988162821,4
